City_ID,City,Country,Date,Lat,Lng,Max Temp,Humidity,Cloudiness,Wind Speed
0,Dejen,ET,2022-04-05 16:34:35,10.1667,38.1333,70.63,16,12,2.53
1,Komsomolskiy,UZ,2022-04-05 16:34:35,40.4272,71.7189,66.92,42,0,4.61
2,Atuona,PF,2022-04-05 16:34:36,-9.8,-139.0333,78.42,78,56,22.5
3,Shingu,JP,2022-04-05 16:34:36,33.7333,135.9833,51.64,67,100,4.47
4,Carnarvon,AU,2022-04-05 16:34:37,-24.8667,113.6333,75.27,78,0,10.36
5,La Ronge,CA,2022-04-05 16:34:37,55.1001,-105.2842,37.65,65,75,16.11
6,Albany,US,2022-04-05 16:30:01,42.6001,-73.9662,54.39,51,49,1.99
7,Codrington,AU,2022-04-05 16:34:38,-38.2667,141.9667,59.34,73,100,10.31
8,Punta Arenas,CL,2022-04-05 16:34:15,-53.15,-70.9167,46.51,53,40,14.97
9,Thames,NZ,2022-04-05 16:34:39,-37.1333,175.5333,64.99,95,92,6.06
10,Hilo,US,2022-04-05 16:31:25,19.7297,-155.09,69.53,90,100,5.75
11,Saint-Augustin,CA,2022-04-05 16:34:39,51.226,-58.6502,32.34,99,100,13.96
12,Mayumba,GA,2022-04-05 16:34:39,-3.432,10.6554,79.09,87,43,10.51
13,Progreso,MX,2022-04-05 16:34:40,21.2833,-89.6667,87.91,43,0,12.75
14,Butaritari,KI,2022-04-05 16:34:40,3.0707,172.7902,80.71,82,33,15.26
15,Hamilton,US,2022-04-05 16:32:10,39.1834,-84.5333,55.26,94,100,9.22
16,Berlevag,NO,2022-04-05 16:34:41,70.8578,29.0864,28.4,71,100,29.75
17,Khani,GE,2022-04-05 16:34:41,41.9563,42.9566,38.77,96,100,3.58
18,Wajima,JP,2022-04-05 16:34:42,37.4,136.9,50.85,71,100,11.81
19,Rikitea,PF,2022-04-05 16:34:42,-23.1203,-134.9692,78.57,68,13,19.8
20,Thompson,CA,2022-04-05 16:34:43,55.7435,-97.8558,32.16,86,100,8.05
21,Rocha,UY,2022-04-05 16:34:43,-34.4833,-54.3333,76.75,20,0,5.3
22,Yellowknife,CA,2022-04-05 16:34:43,62.456,-114.3525,34.41,85,75,10.36
23,Luderitz,NA,2022-04-05 16:34:44,-26.6481,15.1594,63.54,77,0,14.97
24,Gat,IL,2022-04-05 16:34:44,31.61,34.7642,84.4,44,91,3.49
25,Limon,CR,2022-04-05 16:34:45,10.0,-83.0333,78.69,89,75,6.91
26,Lasa,IT,2022-04-05 16:34:45,46.6166,10.7002,56.28,93,72,4.29
27,Puerto Ayora,EC,2022-04-05 16:34:45,-0.7393,-90.3518,84.16,88,71,4.0
28,Broome,US,2022-04-05 16:34:46,42.2506,-75.833,60.01,46,60,5.01
29,Vaini,TO,2022-04-05 16:34:46,-21.2,-175.2,73.56,94,20,3.44
30,Half Moon Bay,US,2022-04-05 16:34:47,37.4636,-122.4286,58.89,69,0,9.22
31,Khatanga,RU,2022-04-05 16:34:47,71.9667,102.5,-14.26,93,5,7.2
32,Kilindoni,TZ,2022-04-05 16:34:48,-7.9139,39.6668,83.32,74,12,12.73
33,Diamantino,BR,2022-04-05 16:34:48,-14.4086,-56.4461,90.09,45,6,4.65
34,Taos,US,2022-04-05 16:34:49,36.4072,-105.5731,59.99,28,0,10.0
35,Aksu,CN,2022-04-05 16:34:49,41.1231,80.2644,64.76,21,0,5.08
36,Lima Duarte,BR,2022-04-05 16:34:50,-21.8425,-43.7931,82.99,64,32,6.24
37,Adrar,MR,2022-04-05 16:34:50,20.5022,-10.0711,92.19,14,2,9.71
38,Tuktoyaktuk,CA,2022-04-05 16:34:51,69.4541,-133.0374,-16.6,69,20,6.91
39,Tabas,IR,2022-04-05 16:34:51,33.5959,56.9244,84.42,10,58,4.61
40,Da Lat,VN,2022-04-05 16:34:52,11.9465,108.4419,59.02,95,81,3.65
41,Te Anau,NZ,2022-04-05 16:34:52,-45.4167,167.7167,51.93,86,98,5.79
42,Buraydah,SA,2022-04-05 16:35:53,26.326,43.975,91.85,9,0,11.86
43,Esperance,AU,2022-04-05 16:35:53,-33.8667,121.9,62.44,67,73,8.19
44,Port Alfred,ZA,2022-04-05 16:35:54,-33.5906,26.891,62.19,73,8,8.05
45,Lebu,CL,2022-04-05 16:35:54,-37.6167,-73.65,60.31,77,57,12.46
46,Naze,JP,2022-04-05 16:35:54,28.3667,129.4833,52.72,63,16,1.12
47,Isangel,VU,2022-04-05 16:35:55,-19.55,169.2667,79.3,82,100,6.42
48,Bengkulu,ID,2022-04-05 16:35:55,-3.8004,102.2655,77.5,81,100,4.63
49,Clyde River,CA,2022-04-05 16:35:56,70.4692,-68.5914,8.83,78,20,3.44
50,Tasiilaq,GL,2022-04-05 16:35:56,65.6145,-37.6368,26.76,86,55,5.21
51,Lata,PT,2022-04-05 16:35:57,40.1629,-8.3327,57.81,42,95,3.38
52,Ponta Do Sol,PT,2022-04-05 16:35:57,32.6667,-17.1,63.72,62,56,6.42
53,Lompoc,US,2022-04-05 16:33:40,34.6391,-120.4579,74.79,62,0,25.01
54,Mahebourg,MU,2022-04-05 16:35:58,-20.4081,57.7,79.25,89,75,8.05
55,Disna,BY,2022-04-05 16:35:58,55.568,28.1971,33.35,75,100,13.42
56,Jibuti,DJ,2022-04-05 16:35:58,11.5,42.5,79.93,35,19,10.29
57,Mataura,NZ,2022-04-05 16:35:59,-46.1927,168.8643,49.15,94,100,8.41
58,Jamestown,US,2022-04-05 16:32:19,42.097,-79.2353,60.03,41,0,9.22
59,New Norfolk,AU,2022-04-05 16:35:59,-42.7826,147.0587,53.1,67,88,1.01
60,Salalah,OM,2022-04-05 16:36:00,17.0151,54.0924,80.69,83,20,4.61
61,Busselton,AU,2022-04-05 16:36:00,-33.65,115.3333,56.86,71,54,6.93
62,Airai,TL,2022-04-05 16:36:01,-8.9266,125.4092,58.3,90,80,1.81
63,Norman Wells,CA,2022-04-05 16:36:01,65.282,-126.8329,-5.76,59,20,4.61
64,Mizan Teferi,ET,2022-04-05 16:36:02,6.9833,35.5833,66.07,74,55,2.33
65,Avarua,CK,2022-04-05 16:36:02,-21.2078,-159.775,77.05,94,20,3.44
66,Severo-Kurilsk,RU,2022-04-05 16:32:18,50.6789,156.125,31.64,63,2,4.65
67,Sioux Lookout,CA,2022-04-05 16:36:03,50.1001,-91.917,33.87,75,100,5.75
68,Ribeira Grande,PT,2022-04-05 16:36:03,38.5167,-28.7,63.0,77,75,8.05
69,Aginskoye,RU,2022-04-05 16:36:04,51.1,114.53,18.48,43,64,2.3
70,Yumen,CN,2022-04-05 16:36:04,40.2833,97.2,55.0,14,17,8.84
71,Chuy,UY,2022-04-05 16:36:05,-33.6971,-53.4616,72.57,30,0,4.18
72,Hithadhoo,MV,2022-04-05 16:36:06,-0.6,73.0833,83.23,66,7,4.0
73,Roald,NO,2022-04-05 16:36:07,62.5833,6.1333,36.91,75,40,5.75
74,Ushuaia,AR,2022-04-05 16:31:52,-54.8,-68.3,38.86,87,75,26.46
75,Ahuimanu,US,2022-04-05 16:36:07,21.4447,-157.8378,73.11,80,40,13.8
76,Mount Gambier,AU,2022-04-05 16:31:59,-37.8333,140.7667,57.11,94,100,11.5
77,Yar-Sale,RU,2022-04-05 16:36:08,66.8333,70.8333,26.01,96,100,17.29
78,Castro,BR,2022-04-05 16:36:09,-24.7911,-50.0119,78.15,61,28,6.64
79,Barrow,US,2022-04-05 16:36:10,71.2906,-156.7887,-16.58,83,100,6.91
80,Paita,PE,2022-04-05 16:36:10,-5.0892,-81.1144,77.68,67,43,11.07
81,Nokaneng,BW,2022-04-05 16:36:11,-19.6667,22.2667,80.01,44,22,6.98
82,Krasnoselkup,RU,2022-04-05 16:36:11,65.7,82.4667,34.66,100,100,21.32
83,Abhar,IR,2022-04-05 16:36:11,36.1468,49.218,60.1,27,13,3.36
84,Port Elizabeth,ZA,2022-04-05 16:36:12,-33.918,25.5701,68.09,63,0,9.22
85,Vicuna,CL,2022-04-05 16:36:12,-30.0319,-70.7081,89.76,21,0,8.61
86,Laguna,US,2022-04-05 16:36:13,38.421,-121.4238,61.09,50,0,18.41
87,Najran,SA,2022-04-05 16:36:13,17.4924,44.1277,84.85,9,0,6.17
88,Rothes,GB,2022-04-05 16:36:14,57.5262,-3.2066,37.51,88,100,5.46
89,Tuatapere,NZ,2022-04-05 16:37:15,-46.1333,167.6833,50.59,82,99,12.48
90,Petropavlovsk-Kamchatskiy,RU,2022-04-05 16:37:16,53.0452,158.6483,36.19,70,0,15.66
91,Colesberg,ZA,2022-04-05 16:37:16,-30.72,25.0972,59.85,38,0,10.69
92,Guanare,VE,2022-04-05 16:37:16,9.0418,-69.7421,77.02,100,88,3.44
93,Cidreira,BR,2022-04-05 16:37:17,-30.1811,-50.2056,71.62,69,95,9.48
94,Viedma,AR,2022-04-05 16:37:18,-40.8135,-62.9967,77.79,28,71,11.95
95,Constitucion,CL,2022-04-05 16:37:18,-35.3333,-72.4167,66.76,53,1,8.95
96,Mar Del Plata,AR,2022-04-05 16:37:18,-38.0023,-57.5575,74.88,39,0,24.16
97,Acarau,BR,2022-04-05 16:35:21,-2.8856,-40.12,84.52,70,52,8.59
98,Bambous Virieux,MU,2022-04-05 16:37:19,-20.3428,57.7575,79.21,89,75,8.05
99,Termoli,IT,2022-04-05 16:37:19,41.9888,14.9895,51.4,72,3,7.49
100,Takaka,NZ,2022-04-05 16:37:20,-40.85,172.8,64.56,95,79,4.54
101,Georgetown,MY,2022-04-05 16:32:39,5.4112,100.3354,78.73,99,40,3.44
102,Hede,CN,2022-04-05 16:37:21,33.7681,120.2517,52.79,73,17,5.68
103,Whitehorse,CA,2022-04-05 16:33:31,60.7161,-135.0538,27.01,67,100,8.05
104,Kieta,PG,2022-04-05 16:37:21,-6.2167,155.6333,78.28,87,100,5.26
105,Port Macquarie,AU,2022-04-05 16:37:22,-31.4333,152.9167,62.49,100,75,0.0
106,Tiksi,RU,2022-04-05 16:37:22,71.6872,128.8694,-17.52,100,100,1.92
107,Porto Novo,BJ,2022-04-05 16:37:22,6.4965,2.6036,85.75,67,66,12.68
108,Quatre Cocos,MU,2022-04-05 16:37:23,-20.2078,57.7625,79.09,84,92,12.53
109,Atchison,US,2022-04-05 16:37:23,39.563,-95.1216,65.14,74,100,14.52
110,Riviera Beach,US,2022-04-05 16:37:24,26.7753,-80.0581,87.85,74,75,18.41
111,Arraial Do Cabo,BR,2022-04-05 16:37:24,-22.9661,-42.0278,82.36,83,40,17.27
112,Camopi,GF,2022-04-05 16:37:25,3.1655,-52.3158,79.39,92,86,4.05
113,Hobart,AU,2022-04-05 16:37:25,-42.8794,147.3294,53.46,71,100,9.22
114,Husavik,IS,2022-04-05 16:37:25,66.0449,-17.3389,26.28,93,100,25.41
115,Versalles,FR,2022-04-05 16:37:26,48.8,2.1333,55.11,86,100,11.5
116,Mandal,IN,2022-04-05 16:37:26,25.45,74.5667,86.56,11,10,9.6
117,Barrhead,GB,2022-04-05 16:37:27,55.7992,-4.3929,49.48,88,75,15.01
118,Kapaa,US,2022-04-05 16:37:27,22.0752,-159.319,70.2,97,75,16.11
119,Vanavara,RU,2022-04-05 16:37:28,60.34,102.2797,22.51,96,99,5.73
120,Frutal,BR,2022-04-05 16:33:26,-20.0247,-48.9406,90.37,42,37,2.3
121,Beringovskiy,RU,2022-04-05 16:37:28,63.05,179.3167,-13.99,95,46,7.58
122,Imperial,US,2022-04-05 16:37:29,33.0334,-115.4175,78.58,33,0,7.67
123,Racine,US,2022-04-05 16:35:11,42.7495,-88.0751,46.02,80,100,10.36
124,Grindavik,IS,2022-04-05 16:37:29,63.8424,-22.4338,31.95,74,75,28.77
125,Bell Ville,AR,2022-04-05 16:37:30,-32.6259,-62.6887,79.81,28,0,10.2
126,Belmonte,BR,2022-04-05 16:37:30,-15.8631,-38.8828,84.16,64,20,7.25
127,Mayo,US,2022-04-05 16:37:31,38.8876,-76.5119,55.26,91,100,10.36
128,Kloulklubed,PW,2022-04-05 16:37:31,7.0419,134.2556,75.7,79,70,5.37
129,Cabedelo,BR,2022-04-05 16:37:32,-6.9811,-34.8339,86.67,70,55,13.31
130,Lagos,NG,2022-04-05 16:36:58,6.5833,3.75,86.63,65,53,8.81
131,Torbay,CA,2022-04-05 16:35:33,47.6666,-52.7314,38.75,93,100,14.97
132,Shima,CN,2022-04-05 16:37:32,24.4478,117.8111,62.62,80,2,1.81
133,Katsuura,JP,2022-04-05 16:37:33,35.1333,140.3,55.47,78,100,2.13
134,Chifeng,CN,2022-04-05 16:38:33,42.2683,118.9636,35.22,15,90,6.53
135,Dingle,PH,2022-04-05 16:38:34,10.9995,122.6711,75.45,92,100,6.76
136,Dovolnoye,RU,2022-04-05 16:38:34,54.4958,79.6671,44.47,81,100,10.04
137,The Valley,AI,2022-04-05 16:36:26,18.217,-63.0578,83.1,65,20,17.27
138,Bonavista,CA,2022-04-05 16:38:35,48.6499,-53.1147,37.04,83,100,9.64
139,Hermanus,ZA,2022-04-05 16:38:35,-34.4187,19.2345,62.8,73,25,16.75
140,Cukai,MY,2022-04-05 16:38:36,4.25,103.4167,75.15,90,87,4.12
141,Faanui,PF,2022-04-05 16:38:37,-16.4833,-151.75,82.92,76,49,21.09
142,Dalbandin,PK,2022-04-05 16:38:38,28.8947,64.4101,81.73,7,11,2.48
143,Myaundzha,RU,2022-04-05 16:38:38,63.0494,147.1858,-16.71,99,51,4.07
144,Makakilo City,US,2022-04-05 16:38:39,21.3469,-158.0858,71.92,76,100,8.05
145,Bethel,US,2022-04-05 16:38:39,41.3712,-73.414,57.18,48,75,0.0
146,Canavieiras,BR,2022-04-05 16:38:40,-15.675,-38.9472,85.12,60,33,7.07
147,Sorland,NO,2022-04-05 16:38:40,67.667,12.6934,33.66,64,57,29.19
148,Samarai,PG,2022-04-05 16:38:40,-10.6167,150.6667,79.65,82,100,16.15
149,Gigmoto,PH,2022-04-05 16:38:41,13.7796,124.39,78.53,89,100,11.45
150,Mega,ET,2022-04-05 16:38:41,4.05,38.3,67.21,56,24,9.19
151,Korhogo,CI,2022-04-05 16:38:42,9.45,-5.6333,91.47,36,76,9.48
152,Andros Town,BS,2022-04-05 16:38:42,24.7,-77.7667,80.1,70,97,16.82
153,Atambua,ID,2022-04-05 16:38:43,-9.1061,124.8925,72.03,88,34,3.87
154,Abeche,TD,2022-04-05 16:38:43,13.8292,20.8324,94.68,9,0,5.77
155,Lafiagi,NG,2022-04-05 16:38:44,8.8667,5.4167,103.28,21,82,6.11
156,Richards Bay,ZA,2022-04-05 16:38:44,-28.783,32.0377,73.4,87,4,5.93
157,Bitam,GA,2022-04-05 16:38:45,2.076,11.5007,79.18,74,83,1.95
158,Poum,NC,2022-04-05 16:38:45,-20.2333,164.0167,76.19,86,100,35.05
159,Pulaski,US,2022-04-05 16:35:30,34.7668,-92.3001,70.02,72,75,8.01
160,Nhulunbuy,AU,2022-04-05 16:38:46,-12.2333,136.7667,79.41,89,57,0.0
161,Visby,SE,2022-04-05 16:38:46,57.6409,18.296,36.82,64,20,13.8
162,South Lyon,US,2022-04-05 16:38:46,42.4606,-83.6516,52.86,69,77,4.0
163,Chokurdakh,RU,2022-04-05 16:38:47,70.6333,147.9167,-18.8,100,96,5.39
164,Bluff,NZ,2022-04-05 16:38:47,-46.6,168.3333,53.31,72,100,28.72
165,Bridlington,GB,2022-04-05 16:38:48,54.0831,-0.1919,52.14,79,100,22.15
166,Bredasdorp,ZA,2022-04-05 16:38:48,-34.5322,20.0403,61.88,64,17,15.84
167,Beloha,MG,2022-04-05 16:38:49,-25.1667,45.05,75.04,78,36,3.02
168,Novyy Svit,UA,2022-04-05 16:38:49,47.8059,38.0211,41.5,54,73,13.4
169,Doha,QA,2022-04-05 16:34:47,25.2867,51.5333,84.51,61,0,10.36
170,Kota,IN,2022-04-05 16:38:50,25.1833,75.8333,90.81,10,22,2.26
171,Olafsvik,IS,2022-04-05 16:38:50,64.8945,-23.7142,28.63,62,100,32.97
172,Nikolskoye,RU,2022-04-05 16:38:51,59.7035,30.7861,35.87,78,99,12.19
173,Fairbanks,US,2022-04-05 16:36:18,64.8378,-147.7164,12.81,79,100,0.0
174,Peniche,PT,2022-04-05 16:38:51,39.3558,-9.3811,58.93,60,96,6.02
175,Roebourne,AU,2022-04-05 16:38:52,-20.7833,117.1333,83.95,56,0,9.01
176,Nam Som,TH,2022-04-05 16:38:52,17.7704,102.1895,79.09,45,21,2.01
177,Dumas,US,2022-04-05 16:38:53,35.8656,-101.9732,72.61,18,0,16.11
178,Longyearbyen,SJ,2022-04-05 16:38:53,78.2186,15.6401,12.04,62,0,16.11
179,Bukama,CD,2022-04-05 16:39:54,-9.2,25.85,74.86,81,58,1.88
180,Outjo,NA,2022-04-05 16:39:54,-20.1167,16.15,73.92,33,0,7.31
181,Flinders,AU,2022-04-05 16:39:55,-34.5833,150.8552,68.38,86,100,5.99
182,Mopipi,BW,2022-04-05 16:39:55,-21.1833,24.8833,84.38,32,25,3.49
183,Amahai,ID,2022-04-05 16:39:56,-3.3333,128.9167,76.91,83,90,2.51
184,Kyren,RU,2022-04-05 16:39:56,51.6828,102.1408,32.16,86,68,2.19
185,Mirnyy,RU,2022-04-05 16:39:56,62.5353,113.9611,-7.55,100,83,2.66
186,Madisonville,US,2022-04-05 16:39:57,37.3281,-87.4989,54.21,90,100,1.99
187,Cape Town,ZA,2022-04-05 16:36:28,-33.9258,18.4232,63.27,81,75,12.66
188,Tirumullaivasal,IN,2022-04-05 16:39:57,11.2333,79.8333,80.78,78,29,9.6
189,Pedernales,DO,2022-04-05 16:39:58,18.0384,-71.744,83.84,61,97,4.65
190,Bilma,NE,2022-04-05 16:39:58,18.6853,12.9164,98.6,5,14,8.88
191,Ossora,RU,2022-04-05 16:39:59,59.2353,163.0719,12.61,96,100,5.21
192,Rio Gallegos,AR,2022-04-05 16:39:59,-51.6226,-69.2181,46.45,42,0,20.71
193,Komsomolskoye,RU,2022-04-05 16:40:00,55.2567,47.5461,26.15,93,13,8.23
194,Cayenne,GF,2022-04-05 16:40:00,4.9333,-52.3333,77.04,1,100,4.61
195,Nanortalik,GL,2022-04-05 16:40:01,60.1432,-45.2371,34.18,82,99,3.67
196,Kodiak,US,2022-04-05 16:40:01,57.79,-152.4072,22.51,86,0,5.75
197,Saint George,US,2022-04-05 16:37:24,37.1041,-113.5841,73.8,24,0,14.0
198,Kahului,US,2022-04-05 16:40:02,20.8947,-156.47,73.85,75,0,10.36
199,Changping,CN,2022-04-05 16:40:03,40.2186,116.2197,51.44,29,84,8.81
200,Grand Island,US,2022-04-05 16:35:46,40.925,-98.342,55.35,70,0,14.97
201,Sola,VU,2022-04-05 16:40:03,-13.8833,167.55,82.09,74,98,11.92
202,Cherskiy,RU,2022-04-05 16:40:04,68.75,161.3,-21.23,99,9,2.01
203,Chapais,CA,2022-04-05 16:40:05,49.7834,-74.8492,31.78,62,59,2.91
204,Plettenberg Bay,ZA,2022-04-05 16:40:06,-34.0527,23.3716,63.77,74,72,9.51
205,Turayf,SA,2022-04-05 16:40:07,31.6725,38.6637,82.65,14,0,9.22
206,Harlingen,US,2022-04-05 16:40:08,26.1906,-97.6961,85.95,80,75,4.61
207,Jalu,LY,2022-04-05 16:40:08,29.0331,21.5482,96.62,7,67,6.85
208,Dudinka,RU,2022-04-05 16:40:08,69.4058,86.1778,19.26,79,92,14.2
209,Geraldton,AU,2022-04-05 16:40:09,-28.7667,114.6,66.61,77,5,9.22
210,Jizan,SA,2022-04-05 16:40:09,17.3333,42.6667,88.74,37,0,6.24
211,Ban Dung,TH,2022-04-05 16:40:10,17.699,103.2596,76.1,84,6,10.83
212,Okhotsk,RU,2022-04-05 16:40:10,59.3833,143.3,13.23,87,100,9.71
213,Tokur,RU,2022-04-05 16:40:11,53.1333,132.9,14.58,91,100,10.51
214,Moron,AR,2022-04-05 16:40:11,-34.6534,-58.6198,74.8,38,0,5.3
215,Alice Springs,AU,2022-04-05 16:36:44,-23.7,133.8833,69.22,32,2,8.05
216,Qaanaaq,GL,2022-04-05 16:40:12,77.484,-69.3632,14.79,88,69,1.79
217,Imbituba,BR,2022-04-05 16:40:12,-28.24,-48.6703,76.59,69,57,12.39
218,Locri,IT,2022-04-05 16:40:13,38.2414,16.2623,54.18,81,22,3.98
219,Telimele,GN,2022-04-05 16:40:13,10.9167,-13.3333,102.15,15,5,2.89
220,Logten,DK,2022-04-05 16:40:14,56.2746,10.3118,42.31,62,99,13.8
221,Glamoc,BA,2022-04-05 16:41:15,44.0458,16.8486,43.11,77,2,3.91
222,Touros,BR,2022-04-05 16:41:15,-5.1989,-35.4608,84.7,66,99,13.91
223,Choma,ZM,2022-04-05 16:41:16,-16.8065,26.9531,66.99,90,96,4.18
224,Churu,IN,2022-04-05 16:41:16,28.3,74.95,82.33,8,91,4.09
225,Sakakah,SA,2022-04-05 16:41:17,29.9697,40.2064,85.57,12,48,9.69
226,Mandurah,AU,2022-04-05 16:37:27,-32.55,115.7,57.9,59,56,10.98
227,Saskylakh,RU,2022-04-05 16:41:18,71.9167,114.0833,-24.65,100,82,1.54
228,Upernavik,GL,2022-04-05 16:41:19,72.7868,-56.1549,25.92,94,100,6.6
229,Agua Dulce,MX,2022-04-05 16:41:19,18.1333,-94.1333,85.78,53,1,8.12
230,Buala,SB,2022-04-05 16:41:20,-8.145,159.5921,77.29,91,100,5.28
231,Dubbo,AU,2022-04-05 16:41:20,-32.25,148.6167,62.73,67,1,13.8
232,Yelizovo,RU,2022-04-05 16:41:21,53.1873,158.3805,37.54,70,0,15.66
233,Kashiwazaki,JP,2022-04-05 16:41:21,37.3667,138.55,49.95,87,99,3.09
234,Alofi,NU,2022-04-05 16:41:21,-19.0595,-169.9187,71.49,100,100,9.22
235,Beian,NO,2022-04-05 16:41:22,63.6559,9.5683,34.56,86,75,19.57
236,Metro,ID,2022-04-05 16:41:22,-5.1131,105.3067,75.43,84,93,3.2
237,Pacific Grove,US,2022-04-05 16:41:23,36.6177,-121.9166,57.88,83,0,6.91
238,Puksoozero,RU,2022-04-05 16:41:23,62.5903,40.6066,32.25,83,100,12.08
239,Lethem,GY,2022-04-05 16:41:24,3.3803,-59.7968,91.26,47,92,10.02
240,Vung Tau,VN,2022-04-05 16:41:24,10.346,107.0843,79.92,83,69,14.05
241,Bakchar,RU,2022-04-05 16:41:24,57.0186,82.0711,41.63,85,100,9.98
242,Lamu,KE,2022-04-05 16:41:25,-2.2717,40.902,81.66,78,5,14.88
243,Saint-Philippe,RE,2022-04-05 16:41:25,-21.3585,55.7679,78.39,86,73,9.66
244,Leningradskiy,RU,2022-04-05 16:41:26,69.3833,178.4167,-14.82,89,18,9.26
245,Cabo San Lucas,MX,2022-04-05 16:40:21,22.8909,-109.9124,74.61,69,12,1.99
246,Edd,ER,2022-04-05 16:41:26,13.9297,41.6925,89.17,42,3,17.36
247,Kaitangata,NZ,2022-04-05 16:41:27,-46.2817,169.8464,51.42,91,100,10.6
248,Broken Hill,AU,2022-04-05 16:41:27,-31.95,141.4333,67.71,30,49,10.36
249,Ketchikan,US,2022-04-05 16:39:08,55.3422,-131.6461,39.67,81,75,4.61
250,Mountain Home,US,2022-04-05 16:41:28,43.133,-115.6912,38.68,100,75,20.71
251,Honavar,IN,2022-04-05 16:41:28,14.2833,74.45,81.77,79,96,4.36
252,Nanning,CN,2022-04-05 16:41:29,22.8167,108.3167,64.85,58,8,2.73
253,Orocue,CO,2022-04-05 16:41:29,4.7912,-71.3354,84.79,66,91,3.85
254,Saldanha,ZA,2022-04-05 16:41:30,-33.0117,17.9442,64.45,78,8,5.95
255,Nalut,LY,2022-04-05 16:41:30,30.3333,10.85,93.52,9,3,14.2
256,Kodinsk,RU,2022-04-05 16:41:31,58.6881,99.1844,30.31,99,100,2.3
257,Nome,US,2022-04-05 16:41:31,64.5011,-165.4064,6.87,56,20,18.41
258,Sinnamary,GF,2022-04-05 16:41:32,5.3833,-52.95,79.05,86,98,8.81
259,Yumbo,CO,2022-04-05 16:41:32,3.5823,-76.4915,82.09,57,40,3.44
260,Biak,ID,2022-04-05 16:41:32,-0.9131,122.8766,75.36,86,97,3.83
261,Santa Isabel,BR,2022-04-05 16:41:33,-23.3156,-46.2214,80.31,74,98,4.7
262,Carolina,PR,2022-04-05 16:41:34,18.3808,-65.9574,86.52,63,20,20.71
263,Hambantota,LK,2022-04-05 16:41:34,6.1241,81.1185,79.65,78,33,2.84
264,Port Hawkesbury,CA,2022-04-05 16:41:34,45.6169,-61.3485,38.91,81,0,16.11
265,Inhambane,MZ,2022-04-05 16:41:35,-23.865,35.3833,80.58,78,20,13.8
266,Hasaki,JP,2022-04-05 16:41:35,35.7333,140.8333,50.4,71,100,6.22
267,Opuwo,NA,2022-04-05 16:42:36,-18.0607,13.84,75.9,29,1,5.77
268,La Palma,US,2022-04-05 16:42:36,33.8464,-118.0467,72.34,80,75,5.75
269,Tuy Hoa,VN,2022-04-05 16:37:54,13.0833,109.3,73.9,89,93,10.67
270,Ilulissat,GL,2022-04-05 16:42:36,69.2167,-51.1,30.22,69,20,5.75
271,Wuwei,CN,2022-04-05 16:42:37,37.9281,102.6414,53.76,20,8,6.42
272,Pochutla,MX,2022-04-05 16:42:37,15.7432,-96.4661,85.82,36,0,10.33
273,Vila Franca Do Campo,PT,2022-04-05 16:42:38,37.7167,-25.4333,63.01,55,94,1.7
274,Katherine,AU,2022-04-05 16:42:38,-14.4667,132.2667,82.72,65,63,0.0
275,Mogadishu,SO,2022-04-05 16:39:14,2.0371,45.3438,81.55,77,4,17.72
276,Burkburnett,US,2022-04-05 16:42:39,34.0979,-98.5706,67.75,77,40,13.8
277,Imeni Poliny Osipenko,RU,2022-04-05 16:42:39,52.4201,136.4853,22.01,96,100,8.66
278,Gilbues,BR,2022-04-05 16:42:40,-9.8317,-45.3439,95.36,28,89,5.44
279,Standerton,ZA,2022-04-05 16:42:40,-26.9337,29.2415,60.3,56,8,1.21
280,Darnah,LY,2022-04-05 16:42:41,32.767,22.6367,75.07,40,100,11.97
281,Vao,NC,2022-04-05 16:42:41,-22.6667,167.4833,77.5,77,100,7.49
282,Umm Lajj,SA,2022-04-05 16:42:41,25.0213,37.2685,80.51,48,6,4.07
283,Miro Khan,PK,2022-04-05 16:42:42,27.7599,68.0921,90.75,7,0,6.22
284,Priego De Cordoba,ES,2022-04-05 16:42:42,37.4381,-4.1952,47.01,88,100,0.38
285,Iralaya,HN,2022-04-05 16:42:43,15.0,-83.2333,84.47,66,100,11.12
286,Hecelchakan,MX,2022-04-05 16:42:43,20.1667,-90.1333,96.94,32,1,8.5
287,Akyab,MM,2022-04-05 16:42:43,20.15,92.9,79.95,82,21,5.75
288,Sitka,US,2022-04-05 16:40:05,57.0531,-135.33,39.09,70,75,9.22
289,Kysyl-Syr,RU,2022-04-05 16:42:44,63.8986,122.7617,-6.41,99,79,4.94
290,Vardo,NO,2022-04-05 16:42:45,70.3705,31.1107,31.98,74,75,27.63
291,Namibe,AO,2022-04-05 16:42:46,-15.1961,12.1522,71.74,76,9,10.25
292,Port Hardy,CA,2022-04-05 16:42:46,50.6996,-127.4199,44.6,75,75,11.5
293,Sri Aman,MY,2022-04-05 16:42:47,1.2376,111.4621,75.25,94,93,0.0
294,Yulara,AU,2022-04-05 16:42:47,-25.2406,130.9889,75.04,33,12,8.05
295,Maningrida,AU,2022-04-05 16:42:48,-12.0667,134.2667,78.1,88,61,5.48
296,Conde,BR,2022-04-05 16:42:48,-7.2597,-34.9075,85.46,66,40,13.8
297,Korla,CN,2022-04-05 16:42:50,41.7597,86.1469,64.13,22,14,3.78
298,Maceio,BR,2022-04-05 16:40:01,-9.6658,-35.7353,87.24,58,75,12.66
299,Ahipara,NZ,2022-04-05 16:42:50,-35.1667,173.1667,65.39,94,85,6.26
300,Zyryanka,RU,2022-04-05 16:42:51,65.75,150.85,-19.97,100,79,3.09
301,Ocos,GT,2022-04-05 16:42:51,14.5094,-92.1933,85.53,61,0,11.45
302,Nouadhibou,MR,2022-04-05 16:42:52,20.931,-17.0347,73.38,56,0,21.85
303,Eenhana,NA,2022-04-05 16:42:52,-17.4667,16.3333,74.97,47,0,3.62
304,Comacchio,IT,2022-04-05 16:42:52,44.6975,12.1858,64.49,73,1,10.89
305,Road Town,VG,2022-04-05 16:42:53,18.4167,-64.6167,84.24,58,20,12.66
306,Baturaja,ID,2022-04-05 16:42:53,-4.1333,104.1667,72.59,99,100,1.99
307,Calvia,ES,2022-04-05 16:42:54,39.5657,2.5062,54.09,83,100,13.56
308,Hackettstown,US,2022-04-05 16:41:15,40.854,-74.8291,56.82,47,100,4.61
309,Sao Filipe,CV,2022-04-05 16:42:54,14.8961,-24.4956,70.5,73,9,14.76
310,Wattegama,LK,2022-04-05 16:42:55,6.7989,81.4808,74.43,91,67,2.57
311,Lazarev,RU,2022-04-05 16:42:55,52.225,141.5131,32.5,98,100,17.98
312,Sibolga,ID,2022-04-05 16:42:56,1.7427,98.7792,76.62,88,96,3.71
313,Mount Isa,AU,2022-04-05 16:42:56,-20.7333,139.5,62.37,25,0,4.61
314,Saint Anthony,US,2022-04-05 16:42:56,45.0205,-93.218,39.24,87,100,20.71
315,Moree,AU,2022-04-05 16:43:57,-29.4667,149.85,64.42,82,0,9.22
316,Necochea,AR,2022-04-05 16:39:43,-38.5473,-58.7368,75.79,31,52,16.44
317,Banda Aceh,ID,2022-04-05 16:43:58,5.5577,95.3222,77.31,85,100,4.14
318,Camacha,PT,2022-04-05 16:43:58,33.0833,-16.3333,60.22,51,20,20.71
319,Oranjestad,AW,2022-04-05 16:43:59,12.524,-70.027,85.95,62,20,25.32
320,Kavaratti,IN,2022-04-05 16:43:59,10.5669,72.642,83.53,74,11,5.99
321,Lavrentiya,RU,2022-04-05 16:43:59,65.5833,-171.0,-9.81,93,67,8.86
322,Dikson,RU,2022-04-05 16:44:00,73.5069,80.5464,4.95,74,100,16.87
323,Saint-Georges,GD,2022-04-05 16:44:00,12.0564,-61.7485,83.88,70,20,28.77
324,Diffa,NE,2022-04-05 16:44:01,13.3154,12.6113,97.59,6,15,7.78
325,Kruisfontein,ZA,2022-04-05 16:44:01,-34.0033,24.7314,65.88,77,29,7.29
326,Tocopilla,CL,2022-04-05 16:44:02,-22.092,-70.1979,74.89,57,63,10.92
327,Provideniya,RU,2022-04-05 16:44:02,64.3833,-173.3,-0.54,80,85,6.33
328,Buin,CL,2022-04-05 16:44:03,-33.7333,-70.75,79.12,17,0,6.85
329,Rio Grande,BR,2022-04-05 16:44:03,-32.035,-52.0986,78.91,52,0,7.58
330,Haines Junction,CA,2022-04-05 16:44:04,60.7522,-137.5108,30.15,59,90,6.91
331,Kidal,ML,2022-04-05 16:44:04,18.4411,1.4078,104.79,3,2,12.68
332,Shakawe,BW,2022-04-05 16:44:05,-18.3667,21.85,77.97,43,27,2.59
333,Amga,RU,2022-04-05 16:44:05,60.8953,131.9608,9.81,96,100,4.52
334,Lock Haven,US,2022-04-05 16:44:06,41.137,-77.4469,60.91,43,100,6.49
335,Rawson,AR,2022-04-05 16:44:06,-43.3002,-65.1023,74.91,35,28,24.45
336,Ancud,CL,2022-04-05 16:44:06,-41.8697,-73.8203,57.22,92,100,13.76
337,Iskateley,RU,2022-04-05 16:44:07,67.6803,53.1512,-2.99,100,28,3.78
338,Padang,ID,2022-04-05 16:43:46,-0.9492,100.3543,80.65,89,100,4.0
339,Dinguiraye,GN,2022-04-05 16:44:07,11.3,-10.7167,101.34,11,5,3.78
340,Wellington,NZ,2022-04-05 16:44:08,-41.2866,174.7756,65.86,91,75,18.41
341,Togur,RU,2022-04-05 16:44:08,58.3631,82.8265,39.29,92,100,11.25
342,Barra Patuca,HN,2022-04-05 16:44:09,15.8,-84.2833,86.77,58,20,13.35
343,Coquimbo,CL,2022-04-05 16:43:10,-29.9533,-71.3436,56.93,100,100,12.66
344,Puerto Asis,CO,2022-04-05 16:44:09,0.5133,-76.5007,81.93,77,69,2.8
345,Sinop,TR,2022-04-05 16:44:10,41.7711,34.8709,46.11,93,100,4.34
346,Tarnos,FR,2022-04-05 16:44:10,43.5417,-1.4628,57.02,66,0,11.5
347,Pecos,US,2022-04-05 16:44:10,31.4229,-103.4932,80.69,13,0,24.16
348,Candelaria,PH,2022-04-05 16:44:11,13.9311,121.4233,76.39,94,99,6.62
349,Kalmunai,LK,2022-04-05 16:44:11,7.4167,81.8167,79.12,79,64,2.08
350,East London,ZA,2022-04-05 16:44:12,-33.0153,27.9116,65.34,72,0,6.91
351,Boshnyakovo,RU,2022-04-05 16:44:12,49.6333,142.1667,33.82,97,100,15.57
352,Pavilosta,LV,2022-04-05 16:44:13,56.8879,21.1859,37.31,58,60,13.18
353,Kuruman,ZA,2022-04-05 16:44:13,-27.4524,23.4325,65.98,27,0,11.34
354,Saiha,IN,2022-04-05 16:44:14,22.4833,92.9667,68.43,81,32,2.77
355,Saint-Pierre,RE,2022-04-05 16:44:14,-21.3393,55.4781,78.48,85,0,3.44
356,La Rioja,ES,2022-04-05 16:44:14,42.25,-2.5,53.38,47,61,3.85
357,Zhigansk,RU,2022-04-05 16:44:15,66.7697,123.3711,-8.1,100,94,9.33
358,Consett,GB,2022-04-05 16:44:16,54.854,-1.8316,51.24,75,100,17.98
359,Kindu,CD,2022-04-05 16:44:16,-2.95,25.95,78.57,70,51,2.06
360,Lerwick,GB,2022-04-05 16:44:16,60.1545,-1.1494,39.2,62,100,3.2
361,Yenagoa,NG,2022-04-05 16:45:17,4.9247,6.2642,85.5,66,94,6.33
362,Bocas Del Toro,PA,2022-04-05 16:45:17,9.3333,-82.25,80.91,76,70,5.23
363,Pevek,RU,2022-04-05 16:45:18,69.7008,170.3133,-26.21,100,80,5.37
364,Safita,SY,2022-04-05 16:45:18,34.8205,36.1153,66.56,38,100,3.33
365,Sulangan,PH,2022-04-05 16:45:19,11.1373,123.7228,80.83,79,94,8.34
366,Tunceli,TR,2022-04-05 16:45:19,39.1083,39.5471,57.22,61,100,2.82
367,Aras,ES,2022-04-05 16:45:20,42.5617,-2.356,57.61,31,0,2.3
368,Mehamn,NO,2022-04-05 16:45:20,71.0357,27.8492,28.35,69,75,18.41
369,Oranjemund,NA,2022-04-05 16:45:21,-28.55,16.4333,62.37,83,0,9.19
370,Peplos,GR,2022-04-05 16:45:21,40.9583,26.2656,54.66,77,86,4.38
371,College,US,2022-04-05 16:45:22,64.8569,-147.8028,13.28,80,100,3.44
372,Clifton,US,2022-04-05 16:45:22,40.8584,-74.1638,58.21,42,100,5.99
373,San Cristobal,VE,2022-04-05 16:45:23,7.7669,-72.225,78.98,58,100,5.64
374,Cairns,AU,2022-04-05 16:45:23,-16.9167,145.7667,78.06,92,75,1.14
375,Kalispell,US,2022-04-05 16:45:23,48.1958,-114.3129,37.78,55,100,10.36
376,Porto Belo,BR,2022-04-05 16:45:24,-27.1578,-48.5531,82.17,75,22,7.85
377,Namatanai,PG,2022-04-05 16:45:24,-3.6667,152.4333,78.21,89,100,7.4
378,Kavieng,PG,2022-04-05 16:45:25,-2.5744,150.7967,79.02,88,100,15.97
379,Ushtobe,KZ,2022-04-05 16:45:25,45.2514,77.9838,65.26,34,1,7.92
380,Trairi,BR,2022-04-05 16:45:25,-3.2778,-39.2689,85.03,64,44,10.6
381,Hauterive,FR,2022-04-05 16:45:26,46.0901,3.4459,56.16,86,98,2.21
382,Valentin Gomez Farias,MX,2022-04-05 16:45:28,28.2167,-106.5833,65.39,21,0,3.4
383,Morshansk,RU,2022-04-05 16:45:28,53.4435,41.8107,35.55,71,93,10.49
384,Fayaoue,NC,2022-04-05 16:45:29,-20.65,166.5333,77.81,83,100,9.62
385,Anadyr,RU,2022-04-05 16:45:29,64.75,177.4833,-10.7,77,0,13.42
386,Santa Maria,BR,2022-04-05 16:45:30,-29.6842,-53.8069,72.7,78,75,8.05
387,Gambela,ET,2022-04-05 16:45:30,8.25,34.5833,83.62,48,83,2.13
388,Cortez,US,2022-04-05 16:45:31,37.3489,-108.5859,61.03,32,0,0.0
389,Aguimes,ES,2022-04-05 16:45:31,27.9054,-15.4461,63.66,45,75,20.71
390,Turukhansk,RU,2022-04-05 16:45:32,65.8167,87.9833,32.63,89,100,15.3
391,Batagay-Alyta,RU,2022-04-05 16:45:33,67.8006,130.4114,-15.11,99,99,4.52
392,San Policarpo,PH,2022-04-05 16:45:33,12.1791,125.5072,79.54,86,100,12.41
393,Bitung,ID,2022-04-05 16:45:35,1.4451,125.1824,76.05,83,64,2.06
394,Evans,US,2022-04-05 16:45:35,33.5337,-82.1307,67.5,57,100,8.05
395,San Patricio,US,2022-04-05 16:45:36,28.017,-97.5169,81.16,68,100,6.38
396,Iquique,CL,2022-04-05 16:42:13,-20.2208,-70.1431,68.04,65,66,10.67
397,Soroti,UG,2022-04-05 16:45:37,1.7146,33.6111,82.53,33,88,9.37
398,San Jose,US,2022-04-05 16:42:12,37.3394,-121.895,59.99,70,20,9.22
399,Kurchum,KZ,2022-04-05 16:41:22,48.5722,83.6542,44.87,56,4,4.63
400,Eirunepe,BR,2022-04-05 16:45:37,-6.6603,-69.8736,92.88,44,99,3.13
401,Houma,US,2022-04-05 16:44:55,29.5958,-90.7195,81.0,85,75,17.27
402,Fare,PF,2022-04-05 16:45:38,-16.7,-151.0167,82.65,75,7,21.97
403,Iqaluit,CA,2022-04-05 16:45:38,63.7506,-68.5145,8.33,71,75,25.32
404,Nampula,MZ,2022-04-05 16:45:39,-15.1165,39.2666,82.35,69,75,6.91
405,Ust-Kuyga,RU,2022-04-05 16:45:39,70.0167,135.6,-23.89,100,87,1.59
406,Sisimiut,GL,2022-04-05 16:45:40,66.9395,-53.6735,29.7,89,96,4.59
407,Port Lincoln,AU,2022-04-05 16:45:33,-34.7333,135.8667,60.67,78,46,15.73
408,Mitsamiouli,KM,2022-04-05 16:46:40,-11.3847,43.2844,84.49,74,40,4.61
409,Namwala,ZM,2022-04-05 16:46:41,-15.7504,26.4384,70.25,88,75,2.68
410,Zhanaozen,KZ,2022-04-05 16:46:41,43.3,52.8,59.59,31,12,11.61
411,Hualmay,PE,2022-04-05 16:46:42,-11.0964,-77.6139,74.41,72,41,9.19
412,Clermont,FR,2022-04-05 16:46:42,49.5,2.4167,55.04,78,100,12.08
413,Siocon,PH,2022-04-05 16:46:43,7.7061,122.1353,77.68,90,100,7.63
414,Karratha,AU,2022-04-05 16:46:43,-20.7377,116.8463,83.73,60,0,10.25
415,Anekal,IN,2022-04-05 16:46:44,12.7,77.7,80.11,37,15,6.93
416,Ulaangom,MN,2022-04-05 16:46:44,49.9811,92.0667,28.08,96,100,1.81
417,Iracoubo,GF,2022-04-05 16:46:44,5.4802,-53.2011,78.84,86,90,8.05
418,Arkhangelsk,RU,2022-04-05 16:46:45,64.5401,40.5433,35.71,37,40,11.18
419,Barra Do Garcas,BR,2022-04-05 16:46:45,-15.89,-52.2567,87.84,48,0,5.08
420,Arlit,NE,2022-04-05 16:46:46,18.7369,7.3853,104.22,3,50,12.48
421,Pangnirtung,CA,2022-04-05 16:46:46,66.1451,-65.7125,6.8,85,75,6.91
422,Aklavik,CA,2022-04-05 16:46:47,68.2191,-135.0107,-18.4,76,20,2.3
423,Hirara,JP,2022-04-05 16:46:47,24.8,125.2833,68.47,59,37,9.69
424,Shumskiy,RU,2022-04-05 16:46:48,54.8318,99.1328,36.18,91,100,3.67
425,Macon,US,2022-04-05 16:44:48,39.8667,-88.9668,48.13,100,100,5.75
426,Teahupoo,PF,2022-04-05 16:46:48,-17.8333,-149.2667,71.56,80,51,21.45
427,Mongo,TD,2022-04-05 16:46:48,12.1844,18.693,99.25,9,1,5.91
428,Tygda,RU,2022-04-05 16:46:49,53.1167,126.3333,20.75,48,88,15.5
429,Oksfjord,NO,2022-04-05 16:46:50,70.2396,22.3479,30.38,85,100,18.3
430,Yen Bai,VN,2022-04-05 16:46:50,21.7,104.8667,68.47,69,4,1.83
431,Iberia,US,2022-04-05 16:41:58,29.9502,-91.7507,80.67,78,100,14.97
432,Horta,PT,2022-04-05 16:46:50,38.5333,-28.6333,64.04,77,75,6.91
433,Badou,TG,2022-04-05 16:46:51,7.5833,0.6,88.57,54,84,2.04
434,Birao,CF,2022-04-05 16:46:51,10.2849,22.7882,95.97,17,20,2.68
435,Tanout,NE,2022-04-05 16:46:52,14.9709,8.8879,98.89,4,86,9.69
436,Labuhan,ID,2022-04-05 16:46:52,-6.8844,112.2051,78.64,82,100,3.67
437,Huarmey,PE,2022-04-05 16:46:53,-10.0681,-78.1522,74.79,73,37,10.13
438,Kolyvan,RU,2022-04-05 16:46:53,55.3053,82.7391,47.82,83,100,12.97
439,Guerrero Negro,MX,2022-04-05 16:46:53,27.9769,-114.0611,67.05,59,31,2.59
440,Narsaq,GL,2022-04-05 16:46:54,60.9167,-46.05,44.82,57,90,3.4
441,Darab,IR,2022-04-05 16:46:54,28.7519,54.5444,73.11,15,4,3.78
442,Moose Factory,CA,2022-04-05 16:46:55,51.2585,-80.6094,30.2,59,0,12.66
443,Cascais,PT,2022-04-05 16:46:07,38.6979,-9.4215,54.95,69,40,9.22
444,Hami,CN,2022-04-05 16:46:55,42.8,93.45,62.06,18,0,1.32
445,Kupang,ID,2022-04-05 16:46:56,-10.1667,123.5833,76.53,84,24,4.97
446,Pisco,PE,2022-04-05 16:42:58,-13.7,-76.2167,73.02,73,0,8.05
447,Rauma,FI,2022-04-05 16:46:57,61.1272,21.5113,28.44,57,100,21.34
448,Kholodnyy,RU,2022-04-05 16:46:58,62.7167,147.95,-15.2,100,92,4.47
449,Puerto Ayacucho,VE,2022-04-05 16:46:58,5.6639,-67.6236,87.01,64,99,3.36
450,Kansk,RU,2022-04-05 16:46:59,56.2017,95.7175,33.58,94,100,4.99
451,Luwuk,ID,2022-04-05 16:46:59,-0.9516,122.7875,76.8,89,97,3.6
452,Nagaur,IN,2022-04-05 16:47:00,27.2,73.7333,88.2,7,78,6.35
453,Rognan,NO,2022-04-05 16:48:00,67.0953,15.3878,28.54,72,98,2.37
454,Fort Nelson,CA,2022-04-05 16:48:01,58.8053,-122.7002,22.59,80,20,0.0
455,Ghanzi,BW,2022-04-05 16:48:01,-21.5667,21.7833,77.76,30,0,4.72
456,Owerri,NG,2022-04-05 16:48:01,5.4833,7.0304,88.34,55,80,7.4
457,Tautira,PF,2022-04-05 16:48:02,-17.7333,-149.15,81.5,80,55,21.3
458,Vanimo,PG,2022-04-05 16:48:02,-2.6741,141.3028,77.56,86,98,5.88
459,Tezu,IN,2022-04-05 16:48:03,27.9167,96.1667,67.68,86,100,3.83
460,Togul,RU,2022-04-05 16:48:03,53.465,85.9128,34.18,100,100,3.31
461,Naumburg,DE,2022-04-05 16:48:04,51.15,11.8167,51.82,78,100,18.61
462,Zemio,CF,2022-04-05 16:48:06,5.0314,25.1361,74.19,81,90,5.82
463,Warrnambool,AU,2022-04-05 16:48:06,-38.3833,142.4833,57.81,73,100,9.98
464,Todos Santos,MX,2022-04-05 16:48:08,23.45,-110.2167,64.44,76,0,5.66
465,Nova Petropolis,BR,2022-04-05 16:48:08,-29.3764,-51.1144,74.3,65,93,2.68
466,Kamenka,RU,2022-04-05 16:48:10,51.3223,42.7678,37.06,66,83,8.43
467,Keflavik,IS,2022-04-05 16:48:10,64.0049,-22.5624,31.91,69,75,29.93
468,Portland,US,2022-04-05 16:47:24,45.5234,-122.6762,49.44,77,75,9.22
469,Kedrovyy,RU,2022-04-05 16:48:11,56.1667,91.8167,36.01,96,100,5.84
470,Victoria,HK,2022-04-05 16:43:50,22.2855,114.1577,72.18,74,10,4.0
471,Rock Sound,BS,2022-04-05 16:48:11,24.9,-76.2,78.24,74,93,16.51
472,Contamana,PE,2022-04-05 16:48:12,-7.3333,-75.0167,94.32,40,24,3.74
473,Dehloran,IR,2022-04-05 16:48:12,32.6941,47.2679,80.83,16,37,11.48
474,Fortaleza,BR,2022-04-05 16:43:39,-3.7227,-38.5247,87.93,62,40,17.27
475,Taywarah,AF,2022-04-05 16:48:13,33.35,64.4167,55.44,23,53,3.22
476,Timbiqui,CO,2022-04-05 16:48:13,2.7717,-77.6654,86.49,63,27,5.44
477,Chicama,PE,2022-04-05 16:48:14,-7.8447,-79.1469,68.54,62,18,9.28
478,Lasalgaon,IN,2022-04-05 16:48:14,20.15,74.2333,89.08,22,46,6.04
479,Los Llanos De Aridane,ES,2022-04-05 16:48:15,28.6585,-17.9182,60.55,68,75,21.85
480,Voznesenskoye,RU,2022-04-05 16:48:15,54.89,42.7569,32.22,83,64,8.66
481,Payo,ID,2022-04-05 16:48:16,-3.7508,103.6372,72.95,99,100,2.68
482,Burgeo,CA,2022-04-05 16:44:10,47.6167,-57.6152,35.67,83,100,20.51
483,Mira,IT,2022-04-05 16:48:16,45.4358,12.1348,59.14,70,0,10.36
484,Comodoro Rivadavia,AR,2022-04-05 16:45:00,-45.8667,-67.5,58.86,67,0,11.5
485,Cockburn Town,TC,2022-04-05 16:48:17,21.4612,-71.1419,78.55,73,6,12.17
486,Galich,RU,2022-04-05 16:48:17,58.3797,42.3475,32.61,85,78,11.01
487,Antofagasta,CL,2022-04-05 16:48:18,-23.65,-70.4,72.21,49,40,10.18
488,Kawalu,ID,2022-04-05 16:48:18,-7.3817,108.2082,72.0,98,91,1.61
489,Kalianget,ID,2022-04-05 16:48:19,-7.05,113.9333,79.93,74,92,1.92
490,Vestmanna,FO,2022-04-05 16:48:19,62.1564,-7.1664,34.72,55,100,11.5
491,San-Pedro,CI,2022-04-05 16:48:20,4.7485,-6.6363,84.85,72,91,10.07
492,Duiwelskloof,ZA,2022-04-05 16:48:20,-23.6934,30.14,72.0,45,1,4.94
493,Baneh,IR,2022-04-05 16:48:20,35.9975,45.8853,52.79,54,52,3.69
494,Praia Da Vitoria,PT,2022-04-05 16:47:09,38.7333,-27.0667,68.25,68,75,6.55
495,Westport,US,2022-04-05 16:45:43,41.1415,-73.3579,56.46,52,96,1.01
496,Nelson Bay,AU,2022-04-05 16:49:21,-32.7167,152.15,66.99,96,0,4.47
497,Pirgos,GR,2022-04-05 16:49:22,35.1167,25.7178,68.63,70,74,3.71
498,Campbell River,CA,2022-04-05 16:45:34,50.0163,-125.2446,43.18,81,75,8.05
499,Tarapur,IN,2022-04-05 16:49:23,19.85,72.7,80.4,78,11,7.29
500,Bandarbeyla,SO,2022-04-05 16:49:23,9.4942,50.8122,80.22,69,18,9.15
501,Galveston,US,2022-04-05 16:45:12,29.3669,-94.9669,82.18,90,100,16.11
502,Saint-Francois,FR,2022-04-05 16:49:24,46.4154,3.9054,53.04,71,100,3.44
503,Turbat,PK,2022-04-05 16:49:24,26.0023,63.044,84.72,30,1,1.83
504,Fowa,NG,2022-04-05 16:49:24,8.9167,6.4,102.29,22,59,2.21
505,Shache,CN,2022-04-05 16:49:25,38.4167,77.2406,65.7,15,0,5.93
506,Maneadero,MX,2022-04-05 16:49:25,31.7167,-116.5667,68.45,61,0,5.03
507,Khor,RU,2022-04-05 16:49:26,47.8861,134.9464,28.33,62,5,18.63
508,Souillac,MU,2022-04-05 16:49:26,-20.5167,57.5167,79.18,89,75,8.05
509,Ucluelet,CA,2022-04-05 16:45:33,48.9329,-125.5528,45.09,84,58,1.01
510,Faya,SA,2022-04-05 16:49:27,18.3851,42.4509,73.51,18,1,5.01
511,Rudsar,IR,2022-04-05 16:49:27,37.1376,50.288,55.38,68,0,9.28
512,Omsukchan,RU,2022-04-05 16:49:28,62.5333,155.8,-0.08,98,100,3.76
513,Lorengau,PG,2022-04-05 16:49:28,-2.0226,147.2712,82.18,82,100,13.49
514,Seoul,KR,2022-04-05 16:49:29,37.5683,126.9778,49.6,51,0,4.61
515,Fukue,JP,2022-04-05 16:49:29,32.6881,128.8419,58.35,54,100,8.99
516,Hokitika,NZ,2022-04-05 16:49:29,-42.7167,170.9667,62.35,89,99,8.57
517,Milton,US,2022-04-05 16:45:00,34.1322,-84.3007,55.09,95,100,3.0
518,Kuloy,RU,2022-04-05 16:49:30,61.0305,42.4925,32.0,87,96,9.71
519,Kurilsk,RU,2022-04-05 16:49:31,45.2333,147.8833,38.82,93,20,13.2
520,Puerto Escondido,MX,2022-04-05 16:47:37,15.85,-97.0667,86.2,49,3,10.74
521,Black River,JM,2022-04-05 16:49:31,18.0264,-77.8487,87.31,57,23,17.98
522,Vila Velha,BR,2022-04-05 16:49:32,-20.3297,-40.2925,93.15,54,0,11.5
523,Revelstoke,CA,2022-04-05 16:49:32,50.9832,-118.2023,37.42,93,100,2.3
524,Tessalit,ML,2022-04-05 16:49:32,20.1986,1.0114,104.4,3,0,3.67
525,Ardrishaig,GB,2022-04-05 16:49:33,56.0157,-5.4481,48.02,95,100,20.38
526,Kaohsiung,TW,2022-04-05 16:49:33,22.6163,120.3133,72.03,82,40,3.44
527,Senno,RU,2022-04-05 16:49:34,59.5336,33.9167,32.27,97,100,12.62
528,Ostrovnoy,RU,2022-04-05 16:49:34,68.0531,39.5131,23.4,93,100,13.89
529,Hit,IQ,2022-04-05 16:49:35,33.6416,42.8251,80.74,16,62,7.45
530,Omboue,GA,2022-04-05 16:49:35,-1.5746,9.2618,80.49,82,69,12.37
531,Ponta Delgada,PT,2022-04-05 16:49:35,37.7333,-25.6667,61.52,59,40,10.36
532,Bay City,US,2022-04-05 16:45:12,43.5945,-83.8889,41.32,95,100,4.61
533,Hudson Bay,CA,2022-04-05 16:49:36,52.85,-102.3842,37.53,82,100,11.56
534,Ballina,AU,2022-04-05 16:49:37,-28.8667,153.5667,68.18,100,75,4.61
535,Ankpa,NG,2022-04-05 16:49:37,7.3706,7.6253,92.95,35,95,3.22
536,Ajdabiya,LY,2022-04-05 16:49:38,30.7554,20.2263,80.02,25,100,8.81
537,Turinsk,RU,2022-04-05 16:49:38,58.0458,63.696,31.51,77,88,16.67
538,Tupiza,BO,2022-04-05 16:49:38,-21.45,-65.7167,71.33,26,57,3.69
539,Tongchuan,CN,2022-04-05 16:49:39,35.0806,109.0897,58.1,27,0,5.19
540,Talisay,PH,2022-04-05 16:49:39,10.2447,123.8494,78.82,89,75,4.61
541,Teya,RU,2022-04-05 16:50:40,60.3778,92.6267,35.2,99,100,4.9
542,Zatoka,UA,2022-04-05 16:50:40,46.0725,30.4654,45.41,87,25,22.48
543,Conceicao Do Araguaia,BR,2022-04-05 16:50:41,-8.2578,-49.2647,88.27,56,49,5.35
544,Fallon,US,2022-04-05 16:50:41,39.4735,-118.7774,52.45,45,40,17.27
545,Las Varas,MX,2022-04-05 16:50:41,21.1667,-105.1667,77.45,58,42,6.26
546,Xining,CN,2022-04-05 16:48:31,36.6167,101.7667,46.85,31,52,2.62
547,Paidha,UG,2022-04-05 16:50:42,2.4167,30.9855,70.07,52,45,4.92
548,Dodge City,US,2022-04-05 16:49:02,37.7528,-100.0171,71.71,48,0,16.11
549,Knysna,ZA,2022-04-05 16:50:43,-34.0363,23.0471,64.13,77,86,10.45
550,Mundybash,RU,2022-04-05 16:50:43,53.211,87.2983,38.46,97,99,3.53
551,Srednekolymsk,RU,2022-04-05 16:50:43,67.45,153.6833,-24.88,100,97,2.48
552,Sibu,MY,2022-04-05 16:50:44,2.3,111.8167,75.51,100,40,3.44
553,Baykit,RU,2022-04-05 16:50:44,61.67,96.37,23.7,99,100,2.26
554,Bronnoysund,NO,2022-04-05 16:50:45,65.4625,12.1997,32.0,51,40,13.0
555,Puga,MX,2022-04-05 16:50:45,21.5833,-104.8167,83.57,19,15,3.49
556,Brae,GB,2022-04-05 16:50:46,60.3964,-1.353,38.68,63,100,4.68
557,Tigil,RU,2022-04-05 16:50:46,57.8,158.6667,24.33,94,100,3.78
558,Kuroishi,JP,2022-04-05 16:50:46,40.6389,140.5922,39.76,91,7,6.46
559,Tazovskiy,RU,2022-04-05 16:50:47,67.4667,78.7,33.01,99,100,14.67
560,Sabha,LY,2022-04-05 16:50:47,27.0377,14.4283,94.46,6,1,4.07
561,Muros,ES,2022-04-05 16:50:48,42.7762,-9.0603,68.68,43,0,17.05
562,Boa Vista,BR,2022-04-05 16:50:48,2.8197,-60.6733,85.98,58,75,9.22
563,Ixtapa,MX,2022-04-05 16:50:49,20.7,-105.2,84.09,39,10,5.57
564,Langsa,ID,2022-04-05 16:50:49,4.4683,97.9683,74.34,97,100,5.35
565,Great Yarmouth,GB,2022-04-05 16:50:49,52.6083,1.7305,58.24,73,99,17.6
566,Ayan,RU,2022-04-05 16:50:50,56.45,138.1667,25.93,90,100,24.61
567,Minamiashigara,JP,2022-04-05 16:50:51,35.3193,139.099,55.02,91,100,5.44
568,Altus,US,2022-04-05 16:50:51,34.6381,-99.334,69.87,68,40,14.97
569,Dom Pedrito,BR,2022-04-05 16:50:51,-30.9828,-54.6731,71.4,73,74,5.3
570,Chumikan,RU,2022-04-05 16:50:52,54.7183,135.315,24.64,96,100,10.04
571,Moramanga,MG,2022-04-05 16:50:52,-18.9333,48.2,66.83,97,70,2.66
572,Klaksvik,FO,2022-04-05 16:50:54,62.2266,-6.589,36.52,54,96,16.53
573,Joshimath,IN,2022-04-05 16:50:54,30.5667,79.5667,55.09,38,44,8.68
574,Mahibadhoo,MV,2022-04-05 16:50:55,3.7833,72.9667,83.82,64,98,2.19
575,Filingue,NE,2022-04-05 16:50:55,14.3521,3.3168,105.42,11,100,6.8
576,Zhanakorgan,KZ,2022-04-05 16:50:56,43.9098,67.2495,69.75,36,82,11.95
577,Hay River,CA,2022-04-05 16:50:56,60.8156,-115.7999,24.78,74,75,11.5
578,Port Blair,IN,2022-04-05 16:50:56,11.6667,92.75,81.34,75,88,7.31
579,Kitakami,JP,2022-04-05 16:50:57,39.2833,141.1167,42.21,97,78,3.11
